Protein_ID,To,Resolution
Q9UI32,4BQM,X_2.18
P00488,4KTY,X_1.98
P06737,3DDS,X_1.8
P11766,3QJ5,X_1.9
P50213,6L59,X_2.254
P30542,5UEN,X_3.2
P12319,1F6A,X_3.5
P23219,6Y3C,X_3.361
P21728,7JVP,D_2.9
P56181,5XTB,D_3.4
Q9UPY5,'7EPZ,D_3.4
P04049,6VJJ,X_1.4 
Q9Y285,3L4G,X_3.3 
P24530,6IGK,X_2 
P20309,8EA0,D_2.56 
P30613,7FS3,X_1.655 
P00734,5AFY,X_1.12 
P30273,7Q5T,X_2.2 
P13716,1PV8,X_2.2 
P21554,5U09,X_2.6 
P30556,6OS2,X_2.7 
P10515,1Y8O,X_2.48 
P11836,6VJA,D_3.3 
P07195,7DBJ,X_1.551 
Q07869,6KAX,X_1.23 
P00492,5HIA,X_1.773 
P28702,7A78,X_1.72 
P12277,3B6R,X_2 
Q13639,7XT8,D_3.1 
P02792,5LG8,X_1.98 
P14618,6B6U,X_1.35 
P11229,6ZFZ,X_2.17 
O75380,5XTB,D_3.4
P34972,8GUR,D_2.84
P11177,2OZL,X_1.9 
P17707,1JL0,X_1.5 
P13688,7MU8,X_1.7 
Q9H244,4PXZ,X_2.5 
P21673,2B3V,X_1.95 
P25021,8YN3,D_2.56 
P06746,4KLI,X_1.597 
P09622,6I4R,X_1.439 
P07741,6FCL,X_1.5 
Q05940,8JSW,D_2.84 
P17752,8CJK,X_1.45914977372 
P03372,7BAA,X_1.1 
P08700,5UWC,X_2.4 
Q04828,1MRQ,X_1.59 
P31937,2I9P,X_2.55 
P24046,8OQ7,X_2.2 
P69905,3S48,X_3.05 
P10275,8E1A,X_1.2 
P05091,1O04,X_1.42 
P22888,7FIH,D_3.2 
P49419,6O4C,X_1.7 
P19404,5XTB,D_3.4
Q9Y4W6,6NYY,D_3 
P07437,8V2J,D_2.9 
P13631,5M24,X_1.69 
P21918,8IRV,D_3.1 
Q9H3N8,8YN9,D_2.3 
P36888,6JQR,X_2.2 
P23368,1PJ3,X_2.1 
O00180,3UKM,X_3.4 
Q99720,5HK1,X_2.5051 
P00387,7TSW,X_2.4 
O43175,5NZO,X_1.29 
P15692,6ZFL,X_1.6 
P08588,7BVQ,X_2.5 
O76074,1TBF,X_1.3 
P48637,8FBZ,X_1.59 
P14061,1JTV,X_1.54 
Q15046,6ILD,X_1.882 
P18858,6P0C,X_1.55 
Q13564,2NVU,X_2.8 
P30968,7BR3,X_2.79 
P10826,4DM6,X_1.9 
P21695,6E8Y,X_1.85 
P00747,5UGG,X_1.2 
P56556,5XTB,D_3.4
P37231,9F7W,X_1.25 
P00742,6YYX,X_1.53 
Q9UBS5,4MS4,X_1.9 
P08243,6GQ3,X_1.85 
P16083,4FGL,X_1.2 
P07327,1U3T,X_2.49
P23381,1R6U,X_2 
P54710,'7E20,D_2.7
P55157,6I7S,X_2.5 
P26639,4P3N,X_2.6 
Q15758,8OUD,X_2.31 
P06858,6OB0,X_2.81 
P05121,7AQF,X_1.77 
P29275,8HDO,D_2.87 
P10109,3NA1,X_2.25 
P10415,8HTS,X_1.25 
P08912,6OL9,X_2.541 
P09917,3V99,X_2.252 
P30531,7Y7W,D_2.4 
P00491,4EAR,X_1.7 
Q9Y478,8BIK,X_2.5 
O76054,4OMJ,X_1.6 
P15291,2FY7,X_1.7 
P49902,2JC9,X_1.5 
P35354,5F19,X_2.04 
Q04771,6SRH,X_1.25 
P08473,6SUK,X_1.75 
P00797,3K1W,X_1.5 
Q16773,3FVS,X_1.5 
P07766,8F0L,X_1.81 
Q96GD0,8S8A,X_1.5 
P01008,3KCG,X_1.7 
P05089,2AEB,X_1.29 
P08913,6KUX,X_2.7 
P08908,8PJK,D_2.4 
P30518,4JQI,X_2.6 
P49588,4XEM,X_1.278 
Q00796,1PL8,X_1.9 
P09455,5HBS,X_0.89 
P31153,7RWG,X_0.97 
P00480,1OTH,X_1.85 
O75251,5XTB,D_3.4
P46098,8BLA,D_3.3 
P10828,6KKB,X_1.7 
P21549,5F9S,X_1.7 
Q99714,9GCH,D_1.9 
Q8IVH4,2WWW,X_2.64 
P49915,2VXO,X_2.5 
P00918,3K34,X_0.9 
P35520,4UUU,X_1.71 
P04818,3EAW,X_1.86 
P23921,6L3R,X_2 
P49286,6ME6,X_2.8 
P00374,1KMV,X_1.05 
P34896,7RJP,X_1.25 
P08709,5PAG,X_1.25 
P25098,5UKL,X_2.15 
P18825,6KUW,X_2.8 
P05093,6WR1,X_1.85 
P16471,4I18,X_3.238 
P39086,3FV1,X_1.5 
P50440,1JDW,X_1.9 
P19801,3K5T,X_2.11 
P78348,6L6N,X_2.86 
Q96I99,6WCV,X_1.52 
P63098,4F0Z,X_1.7 
Q05586,9GJ1,X_1.62 
P43116,7CX2,D_2.8 
Q969G6,1P4M,X_1.8 
P54368,4ZGY,X_2.63 
Q14749,1R74,X_2.55 
Q16836,3RQS,X_2.001 
P04070,1LQV,X_1.6 
P00505,8SKR,D_2.99 
P25103,6HLP,X_2.2 
P23945,8I2G,D_2.8 
P21917,5WIU,X_1.962 
P60880,8BAV,X_2.3 
P41595,4IB4,X_2.7 
P08246,5ABW,X_1.6 
P26440,1IVH,X_1.7 
P02794,6WYF,X_1.25 
O95182,5XTB,D_3.4 
P32238,7MBX,D_1.95 
P11926,7S3G,X_1.66 
P08173,7TRP,D_2.4 
P51659,8AF3,X_1.52 
P17540,4Z9M,X_2.1 
P19793,6LB4,X_1.5 
O15554,6CNM,D_3.4 
P41143,4RWD,X_2.7 
P04181,8V9M,X_1.61 
P22303,4M0E,X_2 
P31749,1UNQ,X_0.98 
P30988,8F0K,D_1.9 
O15269,7K0K,D_2.6 
P29466,8WRA,X_1.45 
Q9UIC8,3IEI,X_1.9 
P28223,7WC8,X_2.45 
P30872,8XIO,D_2.65 
P10721,2VIF,X_1.45 
Q96EY8,7RUT,X_1.5 
P22413,6WFJ,X_2.5 
P30939,'7EXD,D_3.4 
Q99460,6OI4,X_1.76 
P00326,1U3W,X_1.45 
P38484,5EH1,X_1.8 
Q16718,5XTB,D_3.4
P43119,8X79,D_2.41 
P48169,7QN5,D_2.5 
P49821,5XTB,D_3.4
P23975,8ZP2,D_2.4 
Q07343,4KP6,X_1.5 
P16473,7UTZ,D_2.4 
P05165,2JKU,X_1.5 
P28331,5XTB,D_3.4
P01130,2FCW,X_1.26 
P35348,8THK,D_2.6 
P02787,3V83,X_2.102 
P48039,7VGY,D_3.1 
P54687,7NWA,X_1.59 
P25101,8XVJ,D_3.26 
Q9P0J0,5XTB,D_3.4
Q15274,4KWW,X_2.55 
P47871,5EE7,X_2.5 
Q12797,6YYX,X_1.53 
P17174,6DNB,X_1.7 
P28335,6BQH,X_2.7 
P22748,3FW3,X_1.72 
P09417,1HDR,X_2.5 
P04406,6YND,X_1.525 
P22891,3F1S,X_2.3 
P00352,8T0T,X_1.75 
P06401,1SQN,X_1.451 
O43837,8GRD,X_2.699 
P08172,5ZKC,X_2.3 
P08559,2OZL,X_1.9 
P18089,6K41,D_2.9 
P04035,2R4F,X_1.7 
P35462,7CMV,D_2.7 
P30519,5UC9,X_1.903 
P42330,1S1P,X_1.2 
P30043,5OOH,X_1.2 
P06126,5J1A,X_1.86 
O43776,4ZYA,X_1.65 
P43088,8XJK,D_2.63 
P18031,7MN9,X_1.24 
Q02643,2XDG,X_1.95 
P15509,4RS1,X_2.68 
P68871,1IRD,X_1.25 
Q9Y233,2OUR,X_1.45 
P41145,8DZR,D_2.61 
P15056,8C7X,X_1.65 
P42261,6X5Q,X_2.14 
P08253,7XJO,X_2 
O60701,5VR8,X_1.999 
Q01959,9EO4,D_2.66 
P00390,3DK9,X_0.95 
P34969,7XTC,D_3.2 
P14784,5M5E,X_2.3 
P19235,6MOI,X_2.065 
P19429,4Y99,X_2 
P47712,1CJY,X_2.5 
P28221,'7E32,D_2.9
O15270,7K0K,D_2.6 
P17181,4PO6,X_1.99 
P10276,3KMR,X_1.8 
P08235,4PF3,X_1.1 
P53985,7CKO,D_2.95 
P51787,7XNN,D_2.5 
P20138,6D4A,X_1.751 
Q13131,6C9H,X_2.65 
P16233,1LPB,X_2.46
P10827,3ILZ,X_1.85 
O14842,5TZR,X_2.2 
P05230,4QC4,X_1.491 
P07550,2RH1,X_2.4 
P62942,6YF3,X_1 
P01375,5UUI,X_1.4 
P48443,7A79,X_2.05 
P12314,4W4O,X_1.8 
P15260,6E3K,X_3.25 
Q14181,8VY3,D_2.98 
Q03405,2FD6,X_1.9 
P30838,8BB8,X_1.8 
O15382,5MPR,X_1.6 
P12268,9DMU,D_1.82 
P14868,4J15,X_2.24 
P15538,'7E7F,X_1.4 
P09601,1N45,X_1.5 
Q15822,5FJV,X_3.2 
P12081,4G84,X_2.4 
P15121,2J8T,X_0.82 
P21802,2BVF,X_1.8 
P31645,7TXT,D_3 
P19634,6NUC,X_1.9 
P14416,7JVR,D_2.8 
P78540,4HZE,X_1.602 
P21731,6IIU,X_2.5 
Q9UBK8,2QTL,X_1.9 
P35372,8K9L,D_3.05 
P51553,6L59,X_2.254 
O43741,2V8Q,X_2.1 
P05546,1JMO,X_2.2 
P14324,5CG5,X_1.402 
P22033,8DYL,X_1.9 
P11473,3B0T,X_1.3 
P40926,2DFD,X_1.9 
P12271,3HX3,X_1.69 
Q9UHI5,7CMI,D_2.9 
P32929,3COG,X_2 
Q92731,3OLL,X_1.5 
P04150,4UDD,X_1.8 
P14867,9EQG,D_2.4 
P28222,4IAR,X_2.7 
P09488,1XW6,X_1.9 
O15217,3IK7,X_1.97 
P09211,5J41,X_1.19035345576 
P78417,5YVN,X_1.33 
O43708,1FW1,X_1.9 
O94925,8JUB,X_2.01 
Q13002,5CMM,X_1.271 
P42262,5ZG2,X_1.25 
Q14833,8JD4,D_2.9 
Q14831,5C5C,X_1.862 
O00222,6BSZ,X_2.65 
P12931,1O43,X_1.5 
P06241,7A2P,X_0.9 
P29317,6Q7D,X_0.978 
P06239,2IIM,X_1 
P30559,6TPK,X_3.2 
Q93088,4M3P,X_1.895 
P43681,8ST4,D_2.35 
P17787,8ST0,D_2.4 
P07333,8JOT,X_1.69 
P27487,4N8D,X_1.65 
P43220,4ZGM,X_1.8 
O60894,6ZHO,X_1.6 
O60895,4RWF,X_1.76 
O60896,8F0K,D_1.9 
P14770,3REZ,X_2.35 
Q7Z4W1,3D3W,X_1.87 
Q02750,7B7R,X_1.7 
P05771,2I0E,X_2.6 
P17812,7MGZ,D_2.8 
P10253,8CB1,X_1.75 
P29972,7UZE,D_2.4 
P43004,7XR4,D_3.4 
Q06520,3F3Y,X_2.2
P16410,3OSK,X_1.8 
P19440,7LD9,X_1.42 
Q00535,4AU8,X_1.9 
P10144,1IAU,X_2 
P00749,5YC6,X_1.18 
O43526,8IZY,D_2.5 
O75015,1T83,X_3 
P30044,3MNG,X_1.45 
P35270,6I6V,X_1.43 
P51681,5UIW,X_2.204 
P11217,1Z8D,X_2.3 
P62993,6ICG,X_1.15 
P05231,1ALU,X_1.9 
P61073,3ODU,X_2.5 
P03956,1HFC,X_1.5 
P28482,8AOJ,X_1.12 
P29274,5NM4,X_1.7 
P25116,3LU9,X_1.8 
P08174,1OK3,X_2.2 
P02760,6EJ7,X_2 
P02778,8K2X,D_3.2 
P07858,8B4T,X_1.45 
P48067,8WFI,D_2.58 
P07339,6QCB,X_1.55 
P01579,6E3K,X_3.25 
P50406,7YS6,D_3 
P01189,4XNH,X_2.1 
P34913,8QZD,X_1.3 
P49888,1G3M,X_1.7 
P01009,8PI2,X_1.48 
P27986,5GJI,X_0.9 
O75469,6TFI,X_1.85 
P06730,4TPW,X_1.5 
Q04760,3W0T,X_1.351 
P52788,3C6K,X_1.95 
O95831,5FS8,X_1.4 
P45452,5B5O,X_1.2 
P10646,5NMV,X_1.65 
P05120,1JRR,X_1.6 
P11387,1K4T,X_2.1 
P08236,3HN3,X_1.7 
P17405,5I85,X_2.5 
Q14416,4XAQ,X_2.21 
P13501,5COY,X_1.443 
P04062,6TN1,X_0.98 
P16860,3N56,X_3.102 
P29074,3NFK,X_1.43 
P29460,5MJ3,X_1.74 
Q9BYF1,8BYJ,X_2.07 
P35222,7AFW,X_1.814 
P32418,8SGI,D_2.9 
P56817,7MYI,X_1.25 
O14965,5L8L,X_1.67 
Q99497,5SY9,X_1.1 
Q7L0J3,4V11,X_1.95 
P02788,2HD4,X_2.15 
P21462,7VFX,D_2.8 
P41250,2ZT5,X_2.5 
Q9Y275,4ZCH,X_2.43 
Q16853,2Y73,X_2.6 
Q00987,6Q9L,X_1.13 
P31930,5XTB,D_3.4
Q03181,5U3Q,X_1.5 
P47929,4UW3,X_1.479 
P99999,5TY3,X_1.25 
P08311,1CGH,X_1.8 
P13945,9IJE,D_2.34 
P09038,4FGF,X_1.6 
Q16539,3LFF,X_1.5 
P03951,6TS4,X_1.17 
Q8NER1,8GFA,D_2.29 
P63316,4GJF,X_1.9 
P07359,4CH2,X_1.6 
P06850,3EHU,X_1.96 
P24385,2W96,X_2.3 
P60568,7M2G,X_1.79 
P22830,3HCN,X_1.6 
P21980,9BC4,X_1.84 
P26951,5UWC,X_2.4 
P23946,4K60,X_1.5 
P04629,5JFW,X_1.52 
P05412,5FV8,X_1.99 
P05107,2JF1,X_2.2 
P13500,4DN4,X_2.8 
P01584,5R8Q,X_1.23 
P43005,8CTC,D_2.8 
P30793,7ALC,X_1.726 
P35557,7T78,X_2.4 
P27361,4QTB,X_1.4 
P49841,1O6L,X_1.6 
P04004,6O5E,X_1.9 
P61278,7Y27,D_3.48 
Q06124,7PPL,X_1.53 
P16581,4C16,X_1.93 
P05164,5MFA,X_1.2 
P01112,2CE2,X_1 
P15144,4FYT,X_1.85 
P59768,8F0K,D_1.9 
P06493,6GU2,X_2 
P80188,6S8V,X_1.8 
P05362,2OZ4,X_2.7 
P19838,8TQD,X_2.02 
P00750,1RTF,X_2.3 
P11413,6JYU,X_1.89 
P23297,5K89,X_2.249 
P06870,1SPJ,X_1.7 
P01138,4ZBN,X_2.447 
P17302,7XQF,D_2.3 
P21589,6TVE,X_1.05 
P11021,5F0X,X_1.6 
P04156,4E1H,X_1.4 
P35247,2OS9,X_1.7 
P19367,1CZA,X_1.9 
P63000,1MH1,X_1.38 
P17213,1EWF,X_1.7 
P16070,4PZ3,X_1.083 
P43003,5LM4,X_3.1 
P08254,1CIZ,X_1.64 
Q16873,3PCV,X_1.9 
P02649,6NCO,X_1.707 
P07900,6TN5,X_1.165 
P14210,7OCM,X_1.7 
Q08345,6FEX,X_1.291 
Q13126,5TC6,X_1.48 
P17252,8U37,X_2.48 
P27815,3I8V,X_2.25 
P19438,1FT4,X_2.9 
P22061,1KR5,X_2.1 
P16455,8RU2,D_3.49 
P16444,1ITU,X_2 
P49366,6XXM,X_1.67 
P48061,4UAI,X_1.9 
P07204,1HLT,X_3 
P29218,6GIU,X_1.39 
P07686,1NOW,X_2.2 
O14920,4KIK,X_2.83 
P05106,7UDH,X_1.99998841007 
P98170,5O6T,X_1.57 
P16109,1G1S,X_1.9 
Q9UNN8,1LQV,X_1.6 
P42574,5IBP,X_1.38 
O60603,2Z7X,X_2.1 
P14625,7ULL,X_2.31 
O60760,7JR8,X_1.13 
P45844,7FDV,D_3.26 
P07355,7QQM,X_1.6 
P31751,1O6L,X_1.6 
P07602,4V2O,X_2.13 
P04271,5D7F,X_1.3 
P13726,6R2W,X_1.25 
P03950,4AOH,X_1.041 
P22894,1I76,X_1.2 
P15559,8OK0,X_1.6 
Q08257,1YB5,X_1.85 
P28161,2C4J,X_1.35 
P61586,6V6U,X_1.16 
O15530,5LVO,X_1.09 
P39900,1Y93,X_1.03 
P06744,1IAT,X_1.62 
P22455,8KH9,X_1.42 
Q99808,6OB7,X_2.3 
P05113,3QT2,X_2.55 
P68400,3WAR,X_1.04 
P24941,6Q4G,X_0.98 
P02743,4AVS,X_1.399 
Q96C86,5OSY,X_2.06 
Q9P2W7,1V84,X_1.82 
O75874,6BKX,X_1.65 
P04183,1W4R,X_1.83 
P00568,2C95,X_1.71 
O00204,1Q20,X_2.3 
P68363,6S8L,X_1.801 
P11309,3A99,X_1.6 
Q9H4M7,8OIO,X_1.954 
Q06187,5P9J,X_1.08 
Q08499,1Y2K,X_1.36 
Q9NP99,1SMO,X_1.47 
Q9UN19,1FAO,X_1.8 
P10153,2BZZ,X_0.98 
P43403,4XZ0,X_2 
P43405,4YJR,X_1.32 
Q9BWD1,1WL4,X_1.55 
Q71U36,8SH7,D_2.8 
Q08881,4HCU,X_1.43 
P17931,3ZSK,X_0.9 
P41240,1BYG,X_2.4 
P68371,8SH7,D_2.8 
P49137,3M2W,X_2.41 
P36959,2BLE,X_1.9 
Q04759,1XJD,X_2 
P30405,7R2H,X_0.79 
Q13509,8VT7,D_2.66 
P08631,5H0B,X_1.651 
Q16222,6Z2F,X_1.7 
P17900,2AG4,X_1.8 
P36873,5INB,X_1.3 
P49773,6J64,X_0.95 
P20231,2FPZ,X_2 
Q9BZX2,1UJ2,X_1.8 
P30419,5O6H,X_1.29 
Q9UBX1,1M6D,X_1.7 
Q00169,8PQO,X_2.3 
Q9NPB1,4MUM,X_1.271 
P09871,1ELV,X_1.7 
P50579,5D6E,X_1.49 
P46926,1NE7,X_1.75 
P35030,5TP0,X_1.25 
Q13426,3MUD,X_2.2 
Q92876,7QHZ,X_1.5 
P55055,6S5K,X_1.6 
Q9BY41,5VI6,X_1.237 
P23677,8PP8,X_1.59 
P06132,1R3S,X_1.65 
P51512,1RM8,X_1.8 
P14555,5G3N,X_1.8 
P25774,9GJ2,X_1.15 
Q9Y286,2G5R,X_1.6 
O43570,5MSA,X_1.2 
Q9Y5Y6,3NCL,X_1.19 
P09960,3U9W,X_1.25 
P04075,6XML,X_1.88 
P17050,4DOC,X_1.4 
P49789,5FIT,X_2.3 
P00751,6QSW,X_1.64 
P30305,4WH9,X_1.5 
P51151,1WMS,X_1.25 
P07477,1FXY,X_2.15 
P11310,4P13,X_1.73 
Q96RI1,6HL1,X_1.599 
Q9HAN9,1KQN,X_2.2 
P49759,6FT8,X_1.45 
Q16775,1QH5,X_1.45 
P55210,4JR2,X_1.65 
P00746,5NAT,X_1.17 
P10114,1KAO,X_1.7 
P14174,9BNQ,X_1.09 
P37173,1M9Z,X_1.05 
O94766,3CU0,X_1.9 
P15289,1E2S,X_2.35 
P08238,6N8Y,X_1.55390799533
P50613,8R99,X_1.81 
Q92947,1SIQ,X_2.1 
P13051,3FCI,X_1.27 
Q9BW91,1QVJ,X_1.91 
P32119,5B8A,X_2.7 
Q16881,3QFA,X_2.2 
O00408,5U00,X_1.41 
P62508,8B4Q,X_1.4 
P21964,3BWY,X_1.3 
P11511,3S79,X_2.75 
P02675,6V18,X_2.35 
P02679,1DUG,X_1.8 
P00736,2QY0,X_2.6 
P08637,7SEG,X_2.156 
P12318,3RY4,X_1.5 
P31994,5OCC,X_2.5 
P68133,7RNS,X_1.14 
P31785,5M5E,X_2.3 
P05452,1TN3,X_2 
P05787,7K3C,X_1.1 
P27797,8TZO,D_3.1 
P05154,2OL2,X_2 
O14832,2A1X,X_2.5 
P07307,8URF,X_1.9 
P49257,4YGB,X_1.6 
Q8NI22,3WHT,X_1.8 
P05981,1O5E,X_1.75 
O14786,6FMC,X_0.9 
P11362,4EW8,X_1.63 
P22607,8UDU,X_1.737
P07711,2XU3,X_0.9 
Q8N9I0,6G5G,X_2 
P48147,3DDU,X_1.56 
Q96GA7,2RKB,X_2.8 
O14939,6OHM,X_1.895 
P06276,6ZWI,X_1.85 
P09210,2VCT,X_2.1 
P19971,1UOU,X_2.11 
O60568,6WFV,X_2.1 
P27338,1S3E,X_1.6 
O75936,4C5W,X_1.7 
P21397,2Z5Y,X_2.17 
Q32P28,8K0M,D_3.17 
P50750,3BLH,X_2.48 
Q96KS0,5V1B,X_2.49 
Q00534,6OQO,X_1.977 
P00813,3IAR,X_1.52 
P11802,2W96,X_2.3 
Q9GZT9,7Q5V,X_1.17 
P49336,5XS2,X_2.04 
P15104,2OJW,X_2.05 
O15460,6EVN,X_1.48 
P53597,6WCV,X_1.52 
Q9P2R7,6G4Q,X_2.59 
Q9UJ70,2CH5,X_1.9 
Q07075,4KXD,X_2.15 
Q8N159,4K30,X_2.103 
P08263,6ATR,X_1.29 
P35754,4RQR,X_1.08 
Q9NS18,2HT9,X_1.9 
P23743,6IIE,X_2.142 
P67775,4NY3,X_1.797 
P23284,3ICI,X_1.7 
P45877,'2ESL,X_1.9 
Q13427,2WFJ,X_0.75 
O75899,4MS4,X_1.9 
P36544,8P1H,X_1.95 
Q14832,3SM9,X_2.26 
P28472,7A5V,D_1.7 
P47870,6X3T,D_2.55 
Q08289,8HMB,D_3.3 
P54284,8WE6,D_2.9 
Q13547,5ICN,X_3.3 
Q92769,7KBG,X_1.26 
O15379,4A69,X_2.06 
P49356,2H6F,X_1.5 
P49354,2H6F,X_1.5 
Q16665,6GMR,X_1.75 
P43115,6M9T,X_2.5 
P41146,5DHG,X_3 
O00459,7RNU,X_1.45 
P00441,4A7U,X_0.98 
P09958,7LCU,X_1.24 
P56696,7BYL,D_2.5 
Q13093,3F97,X_1.7 
Q06609,1N0W,X_1.7 
P27695,9DP2,X_1.99 
Q05655,1YRK,X_1.7 
P49146,7DDZ,X_2.8 
P06280,3HG3,X_1.9 
P09467,7WJV,X_1.724 
Q9H228,7YXA,X_2.2 
P05177,2HI4,X_1.95 
Q16790,5DVX,X_1.598 
O00206,8WO1,D_2.24 
P32320,1MQ0,X_2.4 
P54760,6FNK,X_1.049 
Q16831,3EUF,X_1.9 
P08729,4XIF,X_3.2 
P07237,8GDY,X_2.05 
P21796,6G6U,X_2.74 
P26196,4CRW,X_1.75 
Q9NWT6,7A1Q,X_1.75 
P42768,2A3Z,X_2.078 
Q8WTS6,2F69,X_1.3 
Q13363,1MX3,X_1.95 
P08684,5VCC,X_1.7 
P04746,6OCN,X_1.147 
O14936,3C0I,X_1.85 
Q99418,4JXH,X_1.47 
Q92831,5MKX,X_1.68 
P23141,2H7C,X_2 
P09012,1NU4,X_1.8 
P53778,6UNA,X_2.554 
Q9BY49,1YXM,X_1.9 
P11712,1R9O,X_2 
P27707,1P5Z,X_1.6 
P01857,3TV3,X_1.29 
O00244,3IWL,X_1.6 
P54278,7RCK,X_2.04 
Q9BZ11,1R55,X_1.58 
P02749,6V06,X_2.4 
Q9BZR6,1OZN,X_1.52 
Q9NNX6,2XR6,X_1.35 
P25311,1T7V,X_1.95 
P08887,1N26,X_2.4 
P01215,7UTZ,D_2.4 
P15529,5FO8,X_2.4 
P42658,7UKG,D_2.24 
Q9NPG2,7VQG,X_1.35 
Q96CD2,1QZU,X_2.91 
P16152,1WMA,X_1.24 
O43252,2PEZ,X_1.4 
P33176,4LNU,X_2.19 
P15531,8OOV,X_1.7 
Q03518,1JJ7,X_2.4 
O76083,4Y86,X_2.01 
P49763,1FZV,X_2 
Q96FI4,1TDH,X_2.1 
Q14541,1LV2,X_2.7 
O43617,1SZ7,X_1.55 
P18509,6VN7,D_3.2 
Q9HB21,1EAZ,X_1.4 
P07360,1LF7,X_1.2 
P18085,1Z6X,X_2.7 
O60547,6GPK,X_1.47 
P22392,8PYW,X_1.553 
Q9Y689,2H17,X_1.7 
P01270,8HA0,D_2.62 
O15169,1DK8,X_1.57 
P07998,1Z7X,X_1.95 
P35914,2CW6,X_2.1 
P78368,2C47,X_2.4 
P30291,8BJ1,X_1.53 
P07384,7W7O,X_1.59 
Q13285,1ZDT,X_2.1 
P04637,6GGC,X_1.24 
O14757,2YEX,X_1.3 
P05067,5ONQ,X_1.17 
Q96GD4,4AF3,X_2.75 
P43235,4X6H,X_1 
P05019,1IMX,X_1.82 
P10644,5KJZ,X_1.347 
P50052,5UNF,X_2.8 
P04234,8ES8,D_2.65 
P09693,7Q5U,X_2.4 
P20963,7FJE,D_3 
P01303,7YOO,D_3.11 
P01730,4H8W,X_1.85 
P01308,5E7W,X_0.9519 
Q03431,7UZO,X_1.3 
Q07817,7JGW,X_1.3 
P30411,7F6I,D_2.8 
Q8WUI4,3C10,X_2 
P30874,7XN9,X_2.6 
P05108,3N9Y,X_2.1 
P18545,3JWR,X_2.994 
P52209,4GWG,X_1.3907 
P23469,6D4F,X_1.909 
P62745,6HXU,X_1.19 
P05556,3G9W,X_2.165 
O14649,6RV3,X_2.9 
Q9NPC2,3P1S,X_1.65 
P30926,6PV7,D_3.34 
P32297,4ZK4,X_1.901 
P18507,8BHG,X_2.39 
O14764,7QN5,D_2.5 
P29034,4DUQ,X_1.3 
Q16620,4AT5,X_1.71 
Q7LG56,4DJN,X_2.2 
P23280,3FE4,X_1.9 
P35219,2W2J,X_1.6 
Q07699,7W9K,D_2.2 
Q9NY72,7TJ9,D_2.9 
Q8IWT1,5XAW,X_2.101 
P09238,1Q3A,X_2.1 
P09237,8JUG,X_1.3 
P50281,4P3C,X_1.943 
P23258,3CB2,X_2.303 
Q96RD7,6WBF,D_2.83 
P35869,8QMO,D_2.76 
P11474,3K6P,X_1.996 
Q8NEB9,6HOG,X_1.26 
Q9UNA0,3B8Z,X_1.4 
P63092,7BPH,X_1.57 
P20248,4EOJ,X_1.65 
Q15661,4MPU,X_1.649 
Q13526,7AZ2,X_1.081 
P53350,3P34,X_1.4 
Q16651,3GYL,X_1.3 
Q13362,3FGA,X_2.7 
P30153,4I5L,X_2.43 
P78536,2DDF,X_1.7 
P31151,1PSR,X_1.05 
P17612,4WB8,X_1.55 
P61925,5M6Y,X_1.367 
P63208,6M90,X_2.05 
P45984,7N8T,X_1.69 
Q99933,5AQM,X_1.63 
P11142,4H5R,X_1.64 
P61769,1K5N,X_1.09 
O60551,6PAU,X_1.93 
Q13133,5HJS,X_1.72 
P36897,8YHF,X_1.4 
P24666,7KH8,X_1.3 
Q9BVJ7,4ERC,X_1.15 
O43293,3BHY,X_1.24 
Q9UQF2,7NYO,X_1.4 
P45983,2XRW,X_1.33 
P33981,4JS8,X_1.94 
Q13554,3BHH,X_2.4 
P42892,3DWB,X_2.38 
P51955,2W5A,X_1.55 
Q9UGN5,4ZZX,X_1.65 
Q9NQS7,2QFA,X_1.4 
P62136,6ZEG,X_1.09 
P63151,3DW8,X_2.85 
P84077,8SDW,X_1.75 
Q15078,7VDP,X_2.09 
P62750,9FPZ,D_2.69 
P62917,4CCN,X_2.23 
P01834,1N0X,X_1.8 
O75460,6W39,X_1.736 
P25705,8H9E,D_2.53 
P06576,8H9L,D_2.61 
P36542,8H9F,D_2.69 
P60174,6UPF,X_1.65 
P08574,5XTE,D_3.4
P22695,5XTE,D_3.4
O14949,5XTE,D_3.4
P47985,5XTE,D_3.4
P14927,5XTE,D_3.4
Q15118,2Q8G,X_1.9 
Q9UBT6,6CST,X_2 
P41743,5LI9,X_1.79 
Q09013,2VD5,X_2.8 
Q9Y6M4,2IZR,X_1.3 
P09668,6CZK,X_2.001 
P19784,6TGU,X_0.833 
Q9H169,9F07,X_2.211 
Q13627,6S14,X_1.05 
P41235,8C1L,X_2 
Q9Y6Y9,'2E56,X_2
Q16566,2W4O,X_2.17 
P49761,6FYR,X_1.42 
Q9Y6F1,4GV2,X_1.8 
Q9HCD5,2J7Y,X_1.8 
Q16644,3FHR,X_1.9 
P62873,8F0K,D_1.9 
P01116,8ONV,X_1.01 
P53611,6J7X,X_2.75 
Q9UQM7,6X5G,X_1.85 
Q00536,5G6V,X_2.2 
O00141,2R5T,X_1.9 
Q13557,7ZRQ,X_1.68 
P07737,2PBD,X_1.501 
Q9UHY7,1YNS,X_1.7 
Q15375,2REI,X_1.6 
P14920,7U9U,X_1.66 
P04632,4WQ2,X_1.64 
P06396,5FAF,X_1.05 
P23528,5L6W,X_2.53 
P06731,2QSQ,X_1.95 
P62330,2A5D,X_1.8 
Q9HCP0,2CMW,X_1.75 
Q12866,7AAX,X_1.762 
Q15418,5V62,X_1.9 
O75865,2J3T,X_2.4 
Q9Y296,2J3T,X_2.4 
Q16654,'2E0A,X_1.86 
P11684,7VF3,X_2.29 
P35080,1D1J,X_2.2 
P05187,1ZED,X_1.57 
P07948,8WFF,X_1.3 
P78362,7ZKX,X_2.06 
Q8IU85,6T29,X_1.484 
O94768,6ZJF,X_1.75 
Q15120,1Y8O,X_2.48 
Q9NWZ3,6EGE,X_1.401 
Q15119,5J71,X_1.65 
P26447,7PSQ,X_1.91 
Q13555,2V7O,X_2.25
Q9H2S1,5V03,X_1.58 
O43739,4KAX,X_1.85 
P32019,4CML,X_2.3 
O43612,1UVQ,X_1.8
Q15796,6YIA,X_1.3 
O60678,8SHR,X_1.92 
P04179,8VJ4,X_1.68 
P00558,2WZB,X_1.47 
P24855,4AWN,X_1.95 
P13929,2XSX,X_1.7 
P36871,5VBI,X_1.75000083769 
P01920,1UVQ,X_1.8 
P11172,7OUZ,X_0.9 
P07108,2CB8,X_1.4 
P54819,2C9Y,X_2.1 
P51149,1T91,X_1.9 
P04053,5W4E,X_2.18 
P63096,6CRK,X_2 
P09382,8B0Z,X_1.23 
P15813,8SOS,X_2.33 
P46976,3U2U,X_1.45 
P30084,2HW5,X_2.55 
P10600,1TGJ,X_2 
P20823,8PI8,X_2.3 
Q03393,3I2B,X_2.3 
P19835,6H0T,X_1.9 
P78352,6QJL,X_1.043 
P19883,3HH2,X_2.15 
P48735,5I95,X_1.54 
P62837,'2ESP,X_1.52 
P20339,1R2Q,X_1.05 
P40616,1UPT,X_1.7 
P49913,5NNK,X_1.798 
P50607,1S31,X_2.704 
P35398,1N83,X_1.63 
P52799,2VSM,X_1.8 
Q9NTG7,4BN4,X_1.3 
P09104,2AKZ,X_1.36 
Q9GZU7,1TA0,X_2.1 
P61024,2AST,X_2.3 
P62491,1OIX,X_1.7 
P62826,3GJ0,X_1.48 
P11233,6P0I,X_1.18 
P62258,3UAL,X_1.8 
O14874,9DI9,X_2.155 
P55072,7PUX,X_1.73 
Q92993,2OU2,X_2.3 
O60493,5F0J,X_2.7 
P55789,3U5S,X_1.5 
Q92830,5H86,X_2.08 
O15066,3B6U,X_1.8 
P78330,6HYY,X_1.566 
Q15382,6BSX,X_1.65 
Q99873,6NT2,X_2.48 
P61587,8B2K,X_1.4 
P36222,8R4X,X_1.54 
P40937,8UMV,D_2.75 
P60953,4JS0,X_1.9 
Q99661,2HEH,X_2.15 
O14964,3ZYQ,X_1.48 
Q96KC2,1YZG,X_2
O00187,1Q3X,X_2.23 
Q9UL51,3U10,X_2.3 
P41091,8PHV,X_1.97 
Q99835,4JKV,X_2.45 
P02708,4ZJS,X_2.2301 
